2,4,2023-06-26T07:07:29.869Z,"{Sunt doloribus sint doloremque laboriosam quae inventore nulla.,Exercitationem consequatur voluptatem quas quam.,Reprehenderit modi maiores perferendis commodi velit.,Accusamus hic voluptas vero illo.}",Vitae quo illum deserunt dolorem alias dicta quae quis possimus.,true
42,5,2023-07-22T07:31:22.906Z,"{null}",null,null
45,5,2023-07-05T21:06:01.242Z,"{Dolorem vero earum voluptates.,Aliquid ad fugiat.,Tenetur reprehenderit saepe perferendis tempore minus quo quaerat dolor quae.,Iste explicabo porro.}",Dignissimos consequuntur quam fuga necessitatibus.,true
9,2,2023-05-01T00:10:22.854Z,"{Illum ullam ab aliquid.,Aliquid corporis officiis minus sed veniam architecto aspernatur odio iure.,Velit eligendi voluptate fugiat rerum quod et similique rem.,Deserunt asperiores commodi cum molestiae repudiandae.}",Voluptas eveniet quos eaque distinctio doloribus quaerat iusto ut pariatur.,true
34,1,2023-07-01T05:41:05.797Z,"{Atque aliquid eligendi.,Nulla quidem deleniti voluptates eum vitae.,Corrupti sint labore cupiditate in ipsa repellat ea autem quasi.,Repellat dolore dolorum possimus totam eius similique dolorem.}",Perspiciatis quod impedit sint deleniti doloribus dicta nemo quisquam recusandae.,false
14,4,2023-05-17T03:14:01.942Z,"{Odio aspernatur eaque molestias quos tempora eos commodi.,Ipsam consequatur labore aperiam esse odio non.,Maxime dolor eum.,Accusantium non assumenda explicabo fugiat maiores vel aliquid.}",Alias sunt reprehenderit harum eius adipisci fugiat debitis reiciendis qui.,false
39,2,2023-05-29T19:27:34.966Z,"{Neque debitis eius unde rem.,Nulla ut qui veritatis eligendi exercitationem porro odio.,Commodi excepturi tempore voluptatem eveniet nihil ducimus accusantium.,Accusamus aliquam culpa temporibus veniam.}",Eum dolore deleniti nostrum sequi facilis est laudantium.,false
24,3,2023-06-07T00:44:30.224Z,"{Corrupti saepe commodi dolore autem provident.,Laboriosam non accusantium numquam sit in blanditiis.,Voluptatibus est animi earum quia ratione error.,Perspiciatis error officia.}",Ex veniam fugit.,false
49,2,2023-05-03T15:35:23.432Z,"{Blanditiis eveniet quo impedit dolorum esse est hic illum.,Earum quod aperiam adipisci accusamus temporibus quas praesentium quam adipisci.,Laboriosam veniam minima corporis commodi sunt voluptatum dolore.,Itaque optio tempora officiis ab hic commodi pariatur modi non.}",Rerum mollitia itaque explicabo.,false
8,3,2023-06-30T04:55:40.275Z,"{Ex aliquid rerum libero.,Perspiciatis placeat impedit sit.,Harum nihil neque voluptate repellat consequatur architecto alias repellat fugit.,Maiores aliquid dicta cumque eveniet dolor hic.}",Cupiditate a eligendi aliquid libero repellendus.,true
41,2,2023-05-27T13:47:20.257Z,"{Quibusdam veniam fuga consequuntur eos veritatis officia.,Voluptate odio distinctio praesentium.,Aperiam ducimus minima ex incidunt laudantium dolorum debitis distinctio tempora.,Architecto dignissimos ex accusamus minima.}",Voluptatem quibusdam amet debitis blanditiis saepe ullam vitae voluptatibus.,false
24,1,2023-07-08T06:02:00.014Z,"{A doloribus natus suscipit voluptatibus consequatur cum sunt tempora ea.,Impedit nemo odit nobis tenetur odio.,Cumque quidem dicta iure amet ex praesentium iure commodi voluptatem.,Voluptatem excepturi aut distinctio fuga ducimus recusandae vel.}",Nemo ipsum numquam.,true
28,5,2023-06-19T04:54:39.980Z,"{Nisi ullam excepturi numquam laboriosam dolorum.,Totam illum ex distinctio provident voluptate asperiores qui.,Autem neque occaecati autem.,Ad ducimus voluptas.}",Doloremque quisquam fugit.,true
11,5,2023-06-04T22:13:55.018Z,"{Quia vitae a error voluptates aliquid officia quas deserunt.,Suscipit optio corrupti nam aliquam cupiditate laudantium.,Maiores doloremque reprehenderit maxime consequatur eligendi facere praesentium.,Culpa nobis animi ad suscipit nihil tempore quibusdam a reprehenderit.}",Error vel dolorum exercitationem.,false
3,2,2023-07-13T15:01:28.482Z,"{Ab ipsa similique.,Perferendis praesentium minus autem.,Error sunt odio enim quos.,Debitis ipsa eligendi commodi impedit beatae facilis laudantium vitae cupiditate.}",Odit saepe consectetur facilis est.,true
37,2,2023-06-06T10:40:33.798Z,"{Iste animi cum maxime temporibus.,Quidem illo non repudiandae ea nostrum suscipit recusandae.,Occaecati asperiores necessitatibus ab aliquam perspiciatis ducimus numquam nostrum est.,Illo laboriosam sint placeat reiciendis sit laboriosam in.}",Ab quibusdam praesentium facere.,true
34,3,2023-07-12T06:08:46.971Z,"{Quas ratione officia aliquid.,Dolores rem quo placeat.,Inventore minima impedit optio eligendi voluptates.,Quos veniam necessitatibus tenetur dolore ea consectetur sed.}",Voluptatum optio odio doloremque occaecati sit quidem repudiandae officiis.,true
8,3,2023-05-19T07:14:13.591Z,"{Non voluptatum quidem ea cum.,Impedit possimus voluptatibus nostrum excepturi ad perferendis libero delectus sint.,Maiores magnam doloremque natus aperiam necessitatibus illum.,Voluptas molestias laboriosam aut similique.}",Ipsam maxime consequuntur.,true
17,4,2023-07-03T01:21:39.312Z,"{Neque adipisci possimus commodi quisquam perspiciatis.,Laboriosam rem debitis aspernatur repellat exercitationem.,Aspernatur sunt perferendis at pariatur sunt aliquid laudantium perspiciatis.,Quibusdam architecto corporis explicabo ipsam mollitia possimus inventore.}",Quidem totam molestias accusantium omnis hic nostrum.,true
23,4,2023-07-17T09:03:15.407Z,"{Laudantium impedit maiores quae dolorum architecto consequuntur sunt eius.,Sunt at cum perferendis delectus odit aspernatur accusantium eaque.,Exercitationem maiores cum nesciunt minus unde officia doloribus.,Saepe beatae ex ea molestiae.}",Exercitationem incidunt modi laborum.,true
24,2,2023-06-27T21:32:24.227Z,"{Dicta beatae maiores ratione aperiam eligendi eos.,Voluptatem impedit esse vitae quam facere odit debitis.,Quisquam explicabo dicta dignissimos iure voluptatum eveniet quis.,Dolores deserunt quo minus placeat repudiandae error ab aliquid.}",Explicabo at voluptate laudantium culpa.,false
38,1,2023-06-21T05:38:01.891Z,"{Quidem ratione ad excepturi nisi at sint ea.,Reprehenderit libero tenetur.,Suscipit architecto perferendis repellendus.,Incidunt quos asperiores ipsam placeat perferendis voluptas quia labore.}",Eius iure similique maiores maxime sint quasi.,true
34,1,2023-05-31T23:23:10.329Z,"{Amet sunt architecto.,Numquam quod est.,Ea nulla earum nobis nisi repellendus consequuntur.,Placeat eius soluta repellendus odit reiciendis aspernatur in voluptas.}",Natus et sit magni aut cumque occaecati porro.,false
28,5,2023-07-22T02:57:49.631Z,"{null}",null,null
13,2,2023-05-18T20:41:58.341Z,"{Iure quasi reprehenderit voluptate.,Commodi voluptatum aut velit ipsa dicta animi.,Asperiores culpa minus quo nam suscipit molestias voluptatibus minus.,Aspernatur quas placeat quia modi iusto incidunt dignissimos placeat aut.}",Inventore labore unde.,false
15,1,2023-07-03T00:41:58.036Z,"{Odit quaerat error perferendis sapiente unde.,Vero quibusdam nisi esse natus.,Corporis quos quia error ducimus explicabo.,Temporibus hic enim consectetur est maiores corrupti nisi iste nulla.}",Iure fugit illo facere provident qui.,true
9,3,2023-06-25T22:34:44.991Z,"{Repudiandae suscipit dicta ratione expedita minima.,Possimus molestias suscipit unde.,Aspernatur ab veniam quas aut soluta temporibus.,Debitis quia eveniet beatae excepturi quod facere beatae id.}",Illum ad quo fugiat.,false
2,3,2023-06-18T10:33:33.761Z,"{Nemo nesciunt id earum reprehenderit.,Officiis repellat eos consectetur.,Dolore blanditiis iusto sunt.,Occaecati impedit id modi eum.}",Dicta totam nisi tempore.,true
35,2,2023-05-30T08:35:52.374Z,"{Animi est ab nostrum qui reiciendis asperiores voluptates.,Vel iusto ad exercitationem et similique porro delectus ut.,Maxime quo id voluptate sapiente quas quidem tempora voluptatibus.,Recusandae incidunt officiis minus consectetur labore adipisci quasi deleniti dolore.}",At vero nostrum eius laudantium sint ipsam.,true
16,1,2023-07-02T10:17:24.455Z,"{Dolore accusantium fugiat labore.,Delectus sit maxime corporis amet necessitatibus.,Assumenda dolorem fugit occaecati et adipisci.,Quo ut eius.}",Quasi quisquam repellendus maxime accusantium veritatis dolor.,false
27,2,2023-07-02T09:12:33.383Z,"{Aperiam illum quas impedit nostrum magni possimus amet eveniet officia.,Provident magnam voluptates porro.,Perspiciatis numquam quis maiores corrupti quibusdam corrupti minus nisi.,Asperiores ex vero aliquid in nobis.}",Id ullam corrupti nam quo voluptatum.,false
7,2,2023-06-16T22:17:37.342Z,"{Explicabo accusamus sed inventore hic illum fugiat nulla quidem quos.,Ex nostrum officiis accusantium.,Vel error nostrum eveniet perspiciatis odit minus deserunt corrupti.,Exercitationem temporibus aspernatur.}",Amet veritatis id voluptas.,false
16,4,2023-05-13T09:40:06.924Z,"{Repellendus optio adipisci dicta nisi.,Officiis earum praesentium ad natus enim nostrum repellendus dolore facere.,Quia inventore temporibus.,Provident laboriosam maiores iusto ipsum.}",Odio harum voluptates omnis.,false
18,3,2023-05-24T08:04:49.254Z,"{Fugiat vero saepe.,Perspiciatis fugit eveniet tempore sed.,Similique aperiam fugiat laborum labore ullam occaecati ipsam ipsa atque.,Fuga odio vel magnam cum neque facere qui.}",Incidunt quas veniam consequuntur eius similique praesentium.,true
10,4,2023-05-14T04:37:32.230Z,"{Hic alias non placeat necessitatibus tenetur.,Mollitia hic culpa.,Voluptas incidunt sit consectetur natus.,Officiis fuga minus autem sequi non sint consequatur.}",Velit architecto natus placeat doloribus reprehenderit veritatis voluptas.,false
13,3,2023-06-03T07:51:32.461Z,"{Quam at alias ea.,Fugiat vero pariatur error veniam cumque voluptas occaecati porro.,Excepturi ut aliquid iure quasi reiciendis labore.,Tenetur quasi similique quisquam debitis fugit.}",Deleniti facere nihil omnis repudiandae magni exercitationem.,false
42,3,2023-05-20T16:14:30.868Z,"{Voluptates quos consequuntur velit aliquid hic error laudantium.,Minima natus eaque nam error.,Saepe exercitationem quibusdam beatae tempore ad.,Vel soluta iusto quam labore at.}",Labore corporis vero.,false
18,1,2023-06-26T15:09:31.110Z,"{Ad consectetur fugiat voluptates earum.,Optio incidunt quam adipisci maxime cum quis labore similique.,Vero quia nobis delectus facere culpa eaque expedita sapiente beatae.,Explicabo necessitatibus ab consectetur.}",Dolorum omnis quos ullam.,false
50,1,2023-05-30T03:19:02.688Z,"{Itaque magnam cum facilis tempora quibusdam et eaque doloremque.,Placeat pariatur sit ea est error suscipit provident porro.,Aspernatur quae impedit nobis similique voluptatem.,Magnam delectus consequuntur corrupti maxime ipsum occaecati officia reiciendis.}",Vel quasi sunt praesentium quae dolorem a explicabo dolores a.,true
48,3,2023-06-11T05:51:37.234Z,"{Veritatis ratione fuga aliquam temporibus id.,Temporibus expedita ipsam nulla architecto itaque suscipit.,Dolores ducimus delectus maxime.,Eius soluta aut.}",Ipsam inventore voluptas consequuntur laborum nulla officiis iste quos porro.,true
2,3,2023-07-16T11:01:40.472Z,"{Quaerat consequatur cum quis a magni nesciunt exercitationem.,Corporis deleniti nihil provident ut.,Sit aspernatur alias accusantium eius dicta cupiditate.,Cupiditate voluptatem incidunt voluptatum aliquam est illo sint quas illo.}",Reprehenderit mollitia et architecto eveniet quibusdam officia.,true
36,4,2023-06-26T10:17:25.676Z,"{Autem rem culpa dolorum quos voluptatum repellat.,Laborum illum adipisci alias sapiente.,Ut reiciendis consequatur eos illum illum.,Sapiente tenetur nemo.}",Blanditiis quae explicabo ullam quo iure quia officia sunt perspiciatis.,true
25,2,2023-07-23T14:10:30.448Z,"{null}",null,null
18,2,2023-06-14T00:10:59.039Z,"{Dolorem vel harum quae quasi quia veritatis iure laudantium illo.,Excepturi ut perspiciatis deserunt laborum maxime dolor dolores doloribus officia.,Iure repudiandae ex soluta ut.,A aperiam illum.}",In magni distinctio deserunt.,true
4,3,2023-06-01T03:32:44.817Z,"{Doloremque harum veniam officia reiciendis maiores accusamus exercitationem cupiditate.,Facilis sunt alias dolores dignissimos nulla est.,Quaerat porro repudiandae voluptates maiores temporibus ratione provident dignissimos.,Cum ipsum nobis.}",Optio explicabo necessitatibus.,false
10,4,2023-06-19T04:34:05.055Z,"{Dolor ex minima amet quam nam.,Corporis quibusdam eius.,Quo tenetur doloribus incidunt repudiandae at.,Dolorem est libero est id sed pariatur autem.}",Veniam laboriosam asperiores rem.,false
3,2,2023-07-15T03:14:15.910Z,"{Facilis quidem officia maiores non.,Est dolorem veniam rem consequatur natus harum distinctio odio.,Quia occaecati voluptatibus rerum hic fugiat maiores.,Libero adipisci in tempora hic corporis iusto deserunt.}",Atque ipsa aspernatur dignissimos aspernatur tempore.,true
6,5,2023-06-12T15:30:49.894Z,"{Perspiciatis itaque explicabo maiores.,Iure consequuntur dolorem voluptates numquam aliquam ipsam.,Culpa ad tempore fugit.,Praesentium perferendis ipsum.}",Nesciunt sit tempore delectus voluptatibus repellendus deserunt illo quisquam.,true
45,1,2023-05-12T16:19:32.947Z,"{Nobis sunt alias aut nostrum eum reiciendis.,Nulla provident doloribus recusandae officiis porro libero aut.,Nulla exercitationem saepe vitae iure.,Dicta ipsum magni earum magni similique velit vel eos in.}",Pariatur sint modi quia nihil et.,true
32,4,2023-06-20T21:31:04.260Z,"{Laboriosam in dicta distinctio.,Possimus accusantium ratione.,Reiciendis rerum distinctio nostrum inventore distinctio quidem accusantium ipsum.,Quaerat adipisci nobis hic porro eius ab.}",Sunt dolorum eius ad quos.,false
2,2,2023-06-02T06:08:26.724Z,"{Voluptatum unde illum mollitia maiores ex occaecati fugit quisquam.,Ea quo ipsam explicabo.,Nihil debitis repellendus inventore occaecati.,Officiis eos doloribus voluptatum id ducimus nemo.}",Doloremque consequuntur cumque dolores reiciendis dicta at.,false
17,2,2023-07-23T14:15:53.304Z,"{null}",null,null
42,1,2023-05-27T02:04:20.332Z,"{Quaerat cum maiores.,Sit numquam est minima ea atque possimus ipsam.,Beatae illum doloremque repudiandae quo ullam sequi adipisci.,Illo qui perspiciatis itaque architecto officia eum cumque omnis.}",Architecto eius esse eaque quibusdam tempora.,true
33,5,2023-06-09T12:20:45.921Z,"{Rem officiis aliquam minus sapiente earum provident in et rem.,Ex cupiditate ipsa qui.,Asperiores laborum perferendis.,Esse eligendi tenetur.}",Tempore accusamus totam eaque quae eos similique officia sapiente sint.,true
19,4,2023-06-06T01:30:03.311Z,"{Voluptas sit praesentium ipsum quas dicta.,Ex sequi nemo suscipit omnis magnam.,Pariatur laboriosam repellat debitis deserunt perferendis rerum aliquid officia provident.,Sed sunt minima praesentium.}",Laboriosam aperiam reprehenderit exercitationem praesentium vel iusto.,true
13,4,2023-05-10T21:52:11.832Z,"{Dolor delectus dolores voluptatem illo.,Quo inventore voluptatum amet in.,Voluptate beatae debitis mollitia molestiae.,Blanditiis rem exercitationem officia repellendus adipisci architecto rerum expedita.}",Iure ipsum unde cum repellat.,true
13,1,2023-05-20T16:12:20.976Z,"{Provident est nobis.,Dicta similique ratione beatae corporis.,Sint quisquam hic aliquam doloremque assumenda omnis dolore.,Ut ea rem suscipit nam praesentium exercitationem.}",Rem delectus autem sequi cum totam provident in officiis consequuntur.,false
32,2,2023-06-13T00:18:44.329Z,"{Tempore nisi illo voluptatem suscipit eum.,Doloremque maxime incidunt quis praesentium optio.,Neque est similique optio architecto itaque corrupti consectetur molestias ipsa.,Atque eius dignissimos.}",Porro voluptatum eum.,true
26,1,2023-06-04T00:55:36.145Z,"{Earum dolor reprehenderit eius explicabo facilis.,Quibusdam porro odit quas.,Pariatur deleniti deleniti debitis accusamus neque.,Mollitia hic similique nesciunt laborum molestiae ipsa quia quae assumenda.}",Aliquam velit soluta reprehenderit hic deleniti nemo accusamus.,true
6,1,2023-06-24T10:52:01.701Z,"{Tenetur architecto est libero aspernatur similique magni neque dolore aut.,Voluptatem facilis unde vero illum corporis dignissimos ab.,Commodi quo exercitationem quis accusamus cum veniam.,Eaque consectetur nostrum.}",Natus necessitatibus earum.,false
26,4,2023-05-23T16:25:08.279Z,"{Occaecati odio harum quia temporibus tempora accusantium autem.,Doloribus dignissimos sequi error.,Veniam veritatis debitis at recusandae minima ea placeat.,Suscipit voluptas aspernatur exercitationem accusantium.}",Esse voluptatem minus ex placeat.,true
39,4,2023-05-24T21:45:53.616Z,"{Reprehenderit laboriosam quae magnam architecto.,Ipsam fugit reprehenderit incidunt ad similique quis ex.,Quae vitae ipsa illo suscipit similique doloremque perspiciatis excepturi non.,In magnam saepe saepe aperiam nam magni ratione magnam.}",Quod atque debitis nihil nam occaecati expedita necessitatibus.,true
14,5,2023-05-11T05:32:34.179Z,"{Eius iure vero ipsam.,Quo temporibus porro maiores iusto doloremque officia.,Laboriosam deserunt cum.,Architecto dolorum fuga itaque dignissimos ullam occaecati.}",Cupiditate deleniti dolorum molestias id eos architecto dignissimos iste.,false
45,3,2023-07-02T23:57:15.735Z,"{Deserunt iusto autem laudantium.,Ipsam cumque iste reiciendis enim omnis nulla.,Expedita consectetur dolore architecto.,Voluptates laboriosam accusamus corporis culpa repudiandae possimus.}",Consectetur illo quibusdam quidem voluptas culpa placeat quidem.,true
26,1,2023-06-16T05:02:54.918Z,"{Sint deserunt modi eveniet consequatur.,Fugiat ea blanditiis temporibus cum eos nam consequuntur consequuntur fugit.,Vero tempora consequuntur similique.,Ducimus voluptate aut.}",Cumque qui repellat veniam assumenda est.,false
49,3,2023-06-09T21:17:34.033Z,"{Unde eaque assumenda eum minus impedit commodi nobis dolores.,Accusamus velit ullam quidem.,Maiores unde ad eaque.,Debitis non accusamus ab minima sed.}",Ab ab rerum expedita quidem.,false
32,4,2023-06-11T00:35:43.420Z,"{Maxime commodi similique sapiente ea sit.,Sint occaecati quasi recusandae quo quibusdam repellat illum tempore molestiae.,Esse quaerat aliquam veritatis aperiam nemo quasi.,In perferendis quaerat perferendis odio consequatur cumque.}",Ducimus quasi voluptatem esse eligendi nemo.,true
37,4,2023-05-24T04:17:32.185Z,"{Ut inventore architecto ab velit.,Incidunt nulla fugiat.,Aut inventore explicabo eveniet earum iusto reprehenderit.,Fugiat voluptas saepe neque.}",Quaerat dignissimos laboriosam cupiditate porro.,true
36,2,2023-06-18T01:09:19.507Z,"{Perferendis ipsum voluptatem alias.,Et quis laboriosam accusantium.,Blanditiis nobis minima corporis vitae reprehenderit praesentium exercitationem voluptatem.,Officia corrupti molestias debitis ut fuga.}",Saepe cumque sapiente consequuntur ratione voluptatibus sit.,false
31,2,2023-06-30T04:50:31.630Z,"{Quam fugiat corporis cumque nobis voluptatem est enim beatae.,Eos dolore dolore incidunt ex rerum at.,Sunt consequatur eligendi nemo cumque quod.,Atque sed quae sapiente optio magni dignissimos rerum illum.}",Exercitationem assumenda quas ipsum quae ut facere.,false
39,3,2023-06-24T18:27:26.399Z,"{Commodi sed doloribus quam alias unde aut veniam possimus molestias.,Id dolorem perferendis debitis aliquam accusantium.,Exercitationem expedita tempora quis doloribus quidem ipsam.,Culpa illum hic optio possimus quo veniam excepturi culpa.}",Neque unde commodi praesentium.,true
32,5,2023-06-05T04:32:15.601Z,"{Harum aliquid vitae iusto placeat culpa deserunt harum.,Laudantium aliquam quidem optio.,Illo iste temporibus ipsum a impedit dolorem quam error.,Soluta fugiat vitae deserunt maiores laudantium.}",Recusandae sed reiciendis fuga asperiores cupiditate.,true
36,3,2023-06-30T16:54:31.512Z,"{Aperiam magni corporis mollitia ad ab laborum odit temporibus.,Maiores voluptas tempora quo.,Laborum veniam libero quod voluptatum qui ducimus.,Corporis quaerat at tenetur eligendi ducimus.}",Illum recusandae quos similique.,true
30,3,2023-07-15T07:37:33.752Z,"{Dolorem sit ipsam et.,Consectetur repudiandae occaecati laboriosam aut excepturi excepturi amet numquam.,Voluptas facilis porro praesentium architecto.,Doloribus quis aliquam.}",Dicta animi ratione quia cumque occaecati similique perferendis rem distinctio.,true
19,2,2023-07-08T22:09:42.504Z,"{Autem omnis eos aliquam repellendus laudantium aspernatur.,Accusamus quisquam aut quisquam similique nisi.,In pariatur nulla cupiditate est soluta quaerat quo quis.,Adipisci corporis asperiores impedit ipsum expedita velit saepe beatae ipsum.}",Et ipsa ipsam architecto quis.,true
